iter	Logloss
0	0.6919806396
1	0.6907883013
2	0.6892984957
3	0.6878563063
4	0.6865566812
5	0.6852216154
6	0.6839110226
7	0.6826155058
8	0.6810681969
9	0.6800551643
