duration,key,loudness,mode,tempo,artist_hotttnesss,end_of_fade_in,start_of_fade_out,mode_confidence,key_confidence,time_signature,time_signature_confidence,year,popularity,danceability,energy,speechiness,acousticness,instrumentalness,liveness,valence,duration_ms,Country
181.99773,7,-9.342,0,95.001,0.23,0.0,178.39311,0.873,0.876,4,0.941,2020,35,0.565,0.563,0.0296,0.131,1.74e-06,0.253,0.114,181998, Belarus
179.98036,0,-3.938,1,113.932,0.26,0.0,173.35439,0.636,0.742,4,1.0,2020,38,0.758,0.647,0.0419,0.433,0.0,0.172,0.597,179980, France
182.60023,2,-7.322,1,113.981,0.17,0.24989,176.25687,0.687,0.619,4,0.783,2020,29,0.667,0.405,0.0292,0.547,0.0,0.192,0.329,182600, Germany
173.1683,6,-6.834,1,101.021,0.35,0.15116,168.11247,0.768,0.742,4,1.0,2020,47,0.611,0.623,0.0367,0.0569,4.52e-05,0.093,0.428,173168, Netherlands
180.54675,0,-2.799,1,122.028,0.31,0.0,173.8594,0.49,0.546,4,0.899,2020,43,0.523,0.851,0.0373,0.0148,1.38e-06,0.292,0.181,180547, Poland
177.33333,8,-6.671,1,180.02,0.15,0.0,169.28508,0.311,0.507,4,1.0,2020,26,0.258,0.499,0.0377,0.455,0.0,0.0773,0.428,177333, Russia
167.98611,6,-6.184,0,100.04,0.3,2.61805,162.60934,0.379,0.062,4,1.0,2020,42,0.744,0.574,0.167,0.0555,0.0,0.0817,0.353,167986, Spain
157.90765,11,-7.37,0,153.369,0.19,0.53991,152.74086,0.655,0.696,4,0.973,2020,31,0.359,0.497,0.0439,0.436,0.0,0.0787,0.328,157908, Ukraine
